user_id,2T_go_hit,2T_go_omm,2T_go_rand_com,2T_go_rt,2T_go_sd,2T_per_cor,2T_gng_hit,2T_gng_omm,2T_gng_comm,2T_gng_reject,2T_gng_missopp,2T_gng_rand_com,2T_gng_cor_rt,2T_gng_cor_sd,2T_gng_com_rt,2T_gng_com_sd,2T_gng_cor_per_g,2T_gng_cor_per_l,3T_go_hit,3T_go_omm,3T_go_rand_com,3T_go_rt,3T_go_sd,3T_per_cor,3T_gng_hit,3T_gng_omm,3T_gng_comm,3T_gng_reject,3T_gng_missopp,3T_gng_rand_com,3T_gng_cor_rt,3T_gng_cor_sd,3T_gng_com_rt,3T_gng_com_sd,3T_gng_cor_per_g,3T_gng_cor_per_l
ID11_Lab1,24,2,1,0.6924012874951586,0.21928706400951103,0.9230769230769231,29,4,3,9,0,1,0.7547063310429903,0.15464313782814706,0.7615046666081374,0.15295043708710415,0.8787878787878788,0.75,22,4,0,0.7594737863612615,0.1480773383623331,0.8461538461538461,58,6,1,22,1,2,0.8696986999832382,0.20091419000770813,0.7740360000170767,0,0.90625,0.9166666666666666
